{
  "ui.playmodes.multiplayer": "Hra více hráčů",
  "ui.options.multiplayer": "Hra více hráčů",
  "ui.options.multiplayer.enableNewChatMenu": "Použít nové menu chatu",
  "ui.options.multiplayer.enableNewChatMenu.tooltip": "Nové menu chatu používá ImGui. Lze jej upravovat, vypadá moderně a poskytuje skvělý uživatelský zážitek.",
  "ui.options.multiplayer.enablePosSmoother": "Povolit vyhlazování pozice vozidla",
  "ui.options.multiplayer.enablePosSmoother.tooltip": "Vyhladí data o pozici hráčů s nestabilním připojením, čímž sníží efekt poskakování či protahování vozidel.",
  "ui.options.multiplayer.autoSyncVehicles": "Povolit automatickou synchronizaci dílů",
  "ui.options.multiplayer.autoSyncVehicles.tooltip": "Pokud je povoleno, vaše díly vozidla budou automaticky synchronizovány s ostatními hráči po pár vteřinách",
  "ui.options.multiplayer.queueSpawnEdit": "Povolit frontu aktualizací/editací vozidla hráče",
  "ui.options.multiplayer.queueSpawnEdit.tooltip": "Pokud je povoleno, spawnování a úpravy vzdálených vozidel budou umístěny do fronty, místo okamžitého použití.",
  "ui.options.multiplayer.queueAuto": "Automaticky použít změny vozidel z fronty",
  "ui.options.multiplayer.queueAuto.tooltip": "Pokud je povoleno, vozidla ve frontě se objeví až poté, co zastavíte, v souladu s nastavením níže",
  "ui.options.multiplayer.queueApplySpeed": "Hodnota rychlosti pro aplikaci fronty",
  "ui.options.multiplayer.queueApplySpeed.tooltip": "Fronta se aplikuje, pokud se vaše vozidlo pohybuje pomaleji než tato rychlost",
  "ui.options.multiplayer.queueApplyTimeout": "Časový limit pro aplikaci fronty",
  "ui.options.multiplayer.queueApplyTimeout.tooltip": "Fronta se aplikuje, pokud se vaše vozidlo pohybuje pod nastavenou rychlostní hranicí po dobu této délky",
  "ui.options.multiplayer.queueAutoSkipRemote": "Přeskočit frontu při sledování ostatních hráčů",
  "ui.options.multiplayer.queueAutoSkipRemote.tooltip": "Pokud je povoleno a sledujete ostatní hráče, vozidla ve frontě se objeví okamžitě",
  "ui.options.multiplayer.queueSkipUnicycle": "Nevkládat postavy do fronty (Sněhuláci/Beamlings)",
  "ui.options.multiplayer.queueSkipUnicycle.tooltip": "Pokud je povoleno, ostatní postavy (Sněhuláci/Beamlings) se objeví okamžitě",
  "ui.options.multiplayer.luaOptimisations": "Povolit optimalizace vozidel",
  "ui.options.multiplayer.luaOptimisations.tooltip": "Pokud je povoleno, ostatní vozidla budou provádět omezené Lua výpočty, což zlepší výkon",
  "ui.options.multiplayer.nameTags": "Skrýt jména hráčů",
  "ui.options.multiplayer.nameTagAlternate": "Použít alternativní barvy jmen",
  "ui.options.multiplayer.nameTagShowDistance": "Zobrazit vzdálenost od ostatních hráčů",
  "ui.options.multiplayer.debugOutput": "Zobrazit síťovou aktivitu v konzoli",
  "ui.options.multiplayer.launcherPort": "Port spouštěče:[br]Neměňte, pokud není nutné",
  "ui.options.multiplayer.launcherPortWarn": "Neměňte, pokud to není nutné",
  "ui.options.multiplayer.launcherPortDefaultPort": "Výchozí hodnota je 4444",
  "ui.options.multiplayer.launcherPort.tooltip": "Nastavte na vlastní port, který spouštěč používá.",
  "ui.options.multiplayer.clearLauncherCache": "Vyčistit mezipaměť modů spouštěče",
  "ui.options.multiplayer.clearLauncherCache.tooltip": "Enabling this will clear the currently download mod cache of the launcher. Doing this will result in you having to download all mods for each server you join again.",
  "ui.options.multiplayer.skipOtherPlayersVehicles": "Zakázat přepínání na vozidla jiných hráčů",
  "ui.options.multiplayer.fadeVehicles": "Postupné vybledávání vozidel, když se přibližují",
  "ui.options.multiplayer.fadeVehicles.tooltip": "Dobré ve spojení se zakázanými kolizemi",
  "ui.options.multiplayer.showPlayerIDs": "Zobrazení ID hráčů",
  "ui.options.multiplayer.showPlayerIDs.tooltip": "Povolit zobrazení ID čísel hráčů v seznamu hráčů.",
  "ui.options.multiplayer.disableLuaReload": "Zakázat načítání Lua při opuštění serveru.",
  "ui.options.multiplayer.disableLuaReload.tooltip": "Načítání Lua je nutné pro zajištění toho, že hra bude vrácena do funkčního stavu, pokud módy nahradily herní funkce. Může být zakázáno pro plynulejší zážitek na vaše vlastní riziko.",
  "ui.options.multiplayer.disableInstabilityPausing": "Zakázat pozastavení způsobené nestabilitou",
  "ui.options.multiplayer.disableInstabilityPausing.tooltip": "Tím se zlepší plynulost hry, ale může způsobit synchronizační problémy po několika nestabilitách",
  "ui.options.multiplayer.simplifyRemoteVehicles": "Použít zjednodušená vozidla, pokud jsou k dispozici",
  "ui.options.multiplayer.simplifyRemoteVehicles.tooltip": "Toto nastavení nahradí vzdálená vozidla verzemi „dopravy“ poskytovanými společností BeamNG. Sníží přesnost kolizí a vizuálních efektů, ale zlepší výkon",
  "ui.options.multiplayer.enableBlobs": "Povolit koule (blobs) pro nespawnutá vozidla",
  "ui.options.multiplayer.enableBlobs.tooltip": "Nespawnutá vozidla se zobrazí jako barevné koule (bloby).",
  "ui.options.multiplayer.showSpectators": "Zobrazit jména diváků pod jmény vozidel",
  "ui.options.multiplayer.showSpectators.tooltip": "Hráči sledující vozidla ostatních budou uvedeni pod jejich jmény",
  "ui.options.multiplayer.spectatorUnifiedColors": "Stejná barva jmenovek pro diváky",
  "ui.options.multiplayer.spectatorUnifiedColors.tooltip": "Vykreslit všechny jmenovky diváků šedě, nezávisle na roli uživatele",
  "ui.options.multiplayer.nametagFade": "Postupně zobrazovat/skrývat jmenovky",
  "ui.options.multiplayer.nametagFadeIn": "Postupné zobrazení",
  "ui.options.multiplayer.nametagFadeOut": "Postupné skrytí",
  "ui.options.multiplayer.nametagFadeDistance": "Vzdálenost pro postupné zobrazení/skrytí",
  "ui.options.multiplayer.nametagFadeDistance.tooltip": "Jak daleko se jmenovky začnou postupně zobrazovat nebo skrývat",
  "ui.options.multiplayer.nametagInvertFade": "Obrátit směr postupného zobrazení/skrytí jmenovek",
  "ui.options.multiplayer.nametagDontFullyHide": "Nezakrývat jmenovky úplně",
  "ui.options.multiplayer.nametagCharLimit": "Omezení délky jmenovky",
  "ui.options.multiplayer.nametagCharLimit.tooltip": "Maximální počet znaků, které chcete vidět na jmenovce",
  "ui.options.multiplayer.shortenNametags": "Zkrátit jmenovky a značky rolí",
  "ui.options.multiplayer.shortenNametags.tooltip": "Oříznout dlouhá jména hráčů a rolí",
  "ui.options.multiplayer.showAdvancedOptions": "Zobrazit pokročilé možnosti",
  "ui.options.multiplayer.showAdvancedOptions.tooltip": "Zobrazit všechny nastavení pro BeamMP",
  "ui.options.multiplayer.tuneBlobColors": "Nastavit barvy",
  "ui.options.multiplayer.tuneBlobColorsHelp": "Hodnota barvy v HEX formátu (např. #FF6400)",
  "ui.options.multiplayer.tuneBlobColorsVisible": "Viditelná",
  "ui.options.multiplayer.tuneColorQueued": "Vozidlo ve frontě",
  "ui.options.multiplayer.tuneColorIllegal": "Nepovolené vozidlo",
  "ui.options.multiplayer.tuneColorIllegalHelp": "(chybějící mod, nelze spawnout)",
  "ui.options.multiplayer.tuneColorDeleted": "Smazané vozidlo",
  "ui.options.multiplayer.unicycleTitle": "Nastavit výchozí psotavu (Unicycle)",
  "ui.options.multiplayer.unicycleDefault": "Výchozí konfigurace postavy (Unicycle)",
  "ui.options.multiplayer.unicycleAutoSave": "Automaticky uložit vaší poslední použitou postavu (Unicycle).",
  "ui.options.multiplayer.unicycleAutoSave.tooltip": "Když odstraníte svou postavu (Unicycle), je uložena a použita znovu při příštím spawnutí",
  "ui.options.multiplayer.unicycleOnSwitch": "Výchozí",
  "ui.options.multiplayer.skipModSecurityWarning": "Přeskočit vyskakovací okno s bezpečnostním upozorněním na modifikaci",
  "ui.options.multiplayer.skipModSecurityWarning.tooltip": "Deaktivovat bezpečnostní vyskakovací okno při připojení na modované servery.",
  "ui.options.multiplayer.blobsTitle": "Koule (Blobs)",
  "ui.options.multiplayer.nameTagTitle": "Jmenovky",
  "ui.options.multiplayer.others": "Ostatní",
  "ui.options.multiplayer.new": "NOVÉ",
  "ui.options.multiplayer.experimental": "EXPERIMENTÁLNÍ",
  "ui.multiplayer.multiplayer": "Hra více hráčů",
  "ui.multiplayer.connecting": "Připojování",
  "ui.multiplayer.connectingToServer": "Připojování k serveru...",
  "ui.multiplayer.loading": "Načítání...",
  "ui.multiplayer.official": "Oficiální servery",
  "ui.multiplayer.servers": "Veřejné servery",
  "ui.multiplayer.favorites": "Oblíbené",
  "ui.multiplayer.featured": "Doporučené servery",
  "ui.multiplayer.partner": "Partnerské servery",
  "ui.multiplayer.recent": "Nedávné",
  "ui.multiplayer.direct_connect": "Přímé připojení",
  "ui.multiplayer.refresh": "Obnovit",
  "ui.multiplayer.connect": "Připojit",
  "ui.multiplayer.addCustomServer": "Přidat vlastní server",
  "ui.multiplayer.location": "Umístění",
  "ui.multiplayer.description": "Název",
  "ui.multiplayer.map": "Mapa",
  "ui.multiplayer.forum": "Forum",
  "ui.multiplayer.wiki": "Wiki",
  "ui.multiplayer.discord": "Discord",
  "ui.multiplayer.patreon": "Patreon",
  "ui.multiplayer.players": "Hráči",
  "ui.multiplayer.emptyOnly": "Pouze prázdné",
  "ui.multiplayer.emptyOnlyTooltip": "Zobrazit pouze prázdné servery",
  "ui.multiplayer.notEmpty": "Není prázdný",
  "ui.multiplayer.notEmptyTooltip": "Zobrazit pouze neprázdné servery",
  "ui.multiplayer.notFull": "Není plný",
  "ui.multiplayer.notFullTooltip": "Zobrazit pouze neobsazené servery",
  "ui.multiplayer.mapFilterTooltip": "Povolit filtr map",
  "ui.multiplayer.modSlider": "Omezení velikosti módu",
  "ui.multiplayer.modSliderTooltip": "Povolit omezení velikosti módu",
  "ui.multiplayer.clearRecent": "Vyčistit nedávné položky",
  "ui.multiplayer.pasteFromClipboard": "Vložit ze schránky",
  "ui.multiplayer.save": "Uložit",
  "ui.multiplayer.logout": "Odhlásit se",
  "ui.multiplayer.login": "Přihlásit se",
  "ui.multiplayer.register": "Registrovat se",
  "ui.multiplayer.playAsGuest": "Hrát jako Host",
  "ui.multiplayer.loginDescription1": "Přihlaste se pomocí účtu BeamMP.",
  "ui.multiplayer.guestDescription1": "Hraní jako host může mít některá omezení na serveru, pro plný zážitek doporučujeme použít registrovaný účet.",
  "ui.multiplayer.iHaveAnAccount": "Mám účet",
  "ui.multiplayer.play": "Hrát",
  "ui.multiplayerlauncher.lost": "Hra není připojena k launcheru! Spusťte hru pomocí BeamMP Launcheru.",
  "ui.multiplayerlauncher.connect": "Připojit",
  "ui.multiplayertos.title": "Pravidla a podmínky služby",
  "ui.multiplayertos.tos": "Podmínky služby",
  "ui.multiplayertos.rules": "Pravidla",
  "ui.multiplayertos.tos.description1": "Plné podmínky služeb můžete nalézt",
  "ui.multiplayertos.tos.description2": "Pro hraní BeamMP musíte přečíst a přijmout podmínky služby.",
  "ui.multiplayertos.rules.description1": "Naše pravidla najdete",
  "ui.multiplayertos.rules.description2": "Pro hraní BeamMP musíte přijmout všechna pravidla hry.",
  "ui.multiplayertos.info1": "Pro více informací se ujistěte, že zkontrolujete naše",
  "ui.multiplayertos.info2": "Další informace najdete také na naší",
  "ui.common.multiplayer.sync": "Synchronizovat",
  "ui.apps.categories.multiplayer": "Hra více hráčů",
  "ui.camera.mode.passenger": "Pasažér",
  "ui.multiplayer.security.no_return": "Zrušit & Vrátit se",
  "ui.multiplayer.security.accept_proceed": "Stáhnout & Připojit",
  "ui.multiplayer.security.title": "Zjištěny Serverové Módy",
  "ui.multiplayer.security.prompt": "Server, ke kterému se připojujete, obsahuje módy, které jsou automaticky staženy a nainstalovány. Tyto módy mohou obsahovat kód, který bude spuštěn na vašem počítači a mohl by být škodlivý. Před pokračováním si ujistěte, že důvěřujete vlastníkovi(ům) serveru. Pokud si myslíte, že módy nejsou škodlivé, můžete pokračovat na vlastní nebezpečí. BeamMP nenese odpovědnost za jakýkoli obsah stažený z tohoto serveru. Toto varování lze v nastavení deaktivovat."
}
