{
    "ui.playmodes.multiplayer": "Multiplayer",
    "ui.options.multiplayer": "Multiplayer",
    "ui.options.multiplayer.enableNewChatMenu": "New chat menu",
    "ui.options.multiplayer.enableNewChatMenu.tooltip": "The new chat menu uses ImGui. It's customisable, sleek and awesome!",
    "ui.options.multiplayer.enablePosSmoother": "Enable vehicle position smoothing",
    "ui.options.multiplayer.enablePosSmoother.tooltip": "Tries to smooth position data from players with unstable connections, reducing vehicle warping/rubber banding",
    "ui.options.multiplayer.autoSyncVehicles": "Enable automatic part sync",
    "ui.options.multiplayer.autoSyncVehicles.tooltip": "If enabled, your vehicle parts will automatically be synced to other players after a few seconds",
    "ui.options.multiplayer.queueSpawnEdit": "Enable player vehicle update/edit queuing",
    "ui.options.multiplayer.queueSpawnEdit.tooltip": "If enabled, remote vehicle spawns and edits will be put in a queue, instead of applying instantly",
    "ui.options.multiplayer.queueAuto": "Automatically apply queued vehicle changes",
    "ui.options.multiplayer.queueAuto.tooltip": "If enabled, you will only spawn queued vehicles once you come to a stop based on the settings below",
    "ui.options.multiplayer.highlightQueuedPlayers": "Highlight queued players",
    "ui.options.multiplayer.highlightQueuedPlayers.tooltip": "Highlight players who have queued events in the playerlist",
    "ui.options.multiplayer.queueApplySpeed": "Queue apply speed threshold",
    "ui.options.multiplayer.queueApplySpeed.tooltip": "Queues apply if your vehicle moves slower than this speed",
    "ui.options.multiplayer.queueApplyTimeout": "Queue apply timeout",
    "ui.options.multiplayer.queueApplyTimeout.tooltip": "Queues apply if your vehicle moves under your set speed threshold for this long",
    "ui.options.multiplayer.queueAutoSkipRemote": "Skip queue if spectating others",
    "ui.options.multiplayer.queueAutoSkipRemote.tooltip": "If enabled and spectating other players, you will spawn queued vehicles right away",
    "ui.options.multiplayer.queueSkipUnicycle": "Don't queue Unicycles (Snowmen/Beamlings)",
    "ui.options.multiplayer.queueSkipUnicycle.tooltip": "If enabled, you will spawn other Unicycles (Snowmen/Beamlings) right away",
    "ui.options.multiplayer.luaOptimisations": "Enable vehicle optimisations",
    "ui.options.multiplayer.luaOptimisations.tooltip": "If enabled, other vehicles will run limited Lua calculations, improving performance",
    "ui.options.multiplayer.nameTags": "Hide player nametags",
    "ui.options.multiplayer.nameTagAlternate": "Use alternate nametag colors",
    "ui.options.multiplayer.nameTagShowDistance": "Show distance from other players",
    "ui.options.multiplayer.debugOutput": "Show network activity in the console",
    "ui.options.multiplayer.launcherPort": "Launcher port:[br]Don't change unless you have to",
    "ui.options.multiplayer.launcherPortWarn": "Don't change unless you have to",
    "ui.options.multiplayer.launcherPortDefaultPort": "Default is 4444",
    "ui.options.multiplayer.launcherPort.tooltip": "Set this to the custom port that the launcher was set to use.",
    "ui.options.multiplayer.clearLauncherCache": "Clear the launchers mod cache",
    "ui.options.multiplayer.clearLauncherCache.tooltip": "Enabling this will clear the currently download mod cache of the launcher. Doing this will result in you having to download all mods for each server you join again.",
    "ui.options.multiplayer.skipOtherPlayersVehicles": "Disable switching to other players vehicles",
    "ui.options.multiplayer.fadeVehicles": "Fade out vehicles as they get closer",
    "ui.options.multiplayer.fadeVehicles.tooltip": "Good when paired with disabled collisions",
    "ui.options.multiplayer.showPlayerIDs": "Show the player ID's",
    "ui.options.multiplayer.showPlayerIDs.tooltip": "Enable to show player ID's in the player list.",
    "ui.options.multiplayer.disableLuaReload": "Disable Lua reloading when quitting a multiplayer server.",
    "ui.options.multiplayer.disableLuaReload.tooltip": "Lua reloads are required to ensure that the game is put back to a working state if mods had replaced game functions. Can be disabled for a smoother experience at your own risk.",
    "ui.options.multiplayer.disableInstabilityPausing": "Disable pausing caused by instabilities",
    "ui.options.multiplayer.disableInstabilityPausing.tooltip": "This will make gameplay smoother but can cause sync issues after several instabilities",
    "ui.options.multiplayer.simplifyRemoteVehicles": "Use simplified vehicles when available",
    "ui.options.multiplayer.simplifyRemoteVehicles.tooltip": "This setting will replace remote vehicles with the BeamNG provided 'traffic' versions. Reduces accuracy of collisions and visuals, but improves performance",
    "ui.options.multiplayer.enableBlobs": "Enable blobs for unspawned vehicles",
    "ui.options.multiplayer.enableBlobs.tooltip": "Unspawned vehicles will appear as colored spheres (blobs)",
    "ui.options.multiplayer.showSpectators": "Show spectators' nametag under vehicle nametags",
    "ui.options.multiplayer.showSpectators.tooltip": "Players spectating others' vehicles will be listed under their nametags",
    "ui.options.multiplayer.spectatorUnifiedColors": "Same color for spectator nametags",
    "ui.options.multiplayer.spectatorUnifiedColors.tooltip": "Draw all spectator nametags as grey, independent of the user's role",
    "ui.options.multiplayer.nametagFade": "Fade nametags in/out",
    "ui.options.multiplayer.nametagFadeIn": "Fade in",
    "ui.options.multiplayer.nametagFadeOut": "Fade out",
    "ui.options.multiplayer.nametagFadeDistance": "Fade distance",
    "ui.options.multiplayer.nametagFadeDistance.tooltip": "How far nametags will start fading in/stop fading out",
    "ui.options.multiplayer.nametagInvertFade": "Invert nametag fade direction",
    "ui.options.multiplayer.nametagDontFullyHide": "Don't fully hide nametags",
    "ui.options.multiplayer.nametagCharLimit": "Nametag length limit",
    "ui.options.multiplayer.nametagCharLimit.tooltip": "Maximum number of characters you want to see in a nametag",
    "ui.options.multiplayer.shortenNametags": "Shorten nametag and role tags",
    "ui.options.multiplayer.shortenNametags.tooltip": "Trim long player names and roles",
    "ui.options.multiplayer.showAdvancedOptions": "Show advanced options",
    "ui.options.multiplayer.showAdvancedOptions.tooltip": "Display all BeamMP settings",
    "ui.options.multiplayer.tuneBlobColors": "Tune colors",
    "ui.options.multiplayer.tuneBlobColorsHelp": "HEX color value (ex: #FF6400)",
    "ui.options.multiplayer.tuneBlobColorsVisible": "Visible",
    "ui.options.multiplayer.tuneColorQueued": "Queued vehicle",
    "ui.options.multiplayer.tuneColorIllegal": "Illegal vehicle ",
    "ui.options.multiplayer.tuneColorIllegalHelp": "(missing mod, can not be spawned)",
    "ui.options.multiplayer.tuneColorDeleted": "Deleted vehicle",
    "ui.options.multiplayer.unicycleTitle": "Set default Unicycle",
    "ui.options.multiplayer.unicycleDefault": "Default Unicycle config",
    "ui.options.multiplayer.unicycleAutoSave": "Automatically save your last used Unicycle",
    "ui.options.multiplayer.unicycleAutoSave.tooltip": "When you despawn your Unicycle, it is saved and reused next time you spawn it",
    "ui.options.multiplayer.unicycleOnSwitch": "Default set to",
    "ui.options.multiplayer.skipModSecurityWarning": "Skip the mod security warning popup",
    "ui.options.multiplayer.skipModSecurityWarning.tooltip": "Disable the security popup when joining modded servers.",
    "ui.options.multiplayer.blobsTitle": "Blobs",
    "ui.options.multiplayer.nameTagTitle": "Nametags",
    "ui.options.multiplayer.others": "Others",
    "ui.options.multiplayer.new": "NEW",
    "ui.options.multiplayer.experimental": "EXPERIMENTAL",
    "ui.multiplayer.multiplayer": "Multiplayer",
    "ui.multiplayer.connecting": "Connecting",
    "ui.multiplayer.connectingToServer": "Connecting to server...",
    "ui.multiplayer.loading": "Loading...",
    "ui.multiplayer.official": "Official Servers",
    "ui.multiplayer.servers": "Public Servers",
    "ui.multiplayer.favorites": "Favorites",
    "ui.multiplayer.featured": "Featured Servers",
    "ui.multiplayer.partner": "Partner Servers",
    "ui.multiplayer.recent": "Recent",
    "ui.multiplayer.direct_connect": "Direct connect",
    "ui.multiplayer.refresh": "Refresh",
    "ui.multiplayer.connect": "Connect",
    "ui.multiplayer.addCustomServer": "Add Custom Server",
    "ui.multiplayer.location": "Location",
    "ui.multiplayer.description": "Title",
    "ui.multiplayer.map": "Map",
    "ui.multiplayer.forum": "Forum",
    "ui.multiplayer.docs": "Docs",
    "ui.multiplayer.discord": "Discord",    
    "ui.multiplayer.patreon": "Patreon",
    "ui.multiplayer.players": "Players",
    "ui.multiplayer.emptyOnly": "Empty only",
    "ui.multiplayer.emptyOnlyTooltip": "Only show empty servers",
    "ui.multiplayer.notEmpty": "Not empty",
    "ui.multiplayer.notEmptyTooltip": "Only show not empty servers",
    "ui.multiplayer.notFull": "Not full",
    "ui.multiplayer.notFullTooltip": "Only show not full servers",
    "ui.multiplayer.mapFilterTooltip": "Enable map filter",
    "ui.multiplayer.modSlider": "Mod size limiter",
    "ui.multiplayer.modSliderTooltip": "Enable mod size limiter",
    "ui.multiplayer.clearRecent": "Clear Recents",
    "ui.multiplayer.pasteFromClipboard": "Paste from Clipboard",
    "ui.multiplayer.save": "Save",
    "ui.multiplayer.logout": "Logout",
    "ui.multiplayer.login": "Login",
    "ui.multiplayer.register": "Register",
    "ui.multiplayer.playAsGuest": "Play as Guest",
    "ui.multiplayer.loginDescription1": "Login with your BeamMP account.",
    "ui.multiplayer.guestDescription1": "Playing as a guest may have some server restrictions, for the full experience we recommend using a registered account.",
    "ui.multiplayer.iHaveAnAccount": "I have an account",
    "ui.multiplayer.play": "Play",
    "ui.multiplayerlauncher.lost": "The game is not connected to the launcher! Please start the game using the BeamMP Launcher.",
    "ui.multiplayerlauncher.connect": "Connect",
    "ui.multiplayertos.title": "Rules and terms of service",
    "ui.multiplayertos.tos": "Terms of service",
    "ui.multiplayertos.rules": "Rules",
    "ui.multiplayertos.tos.description1": "Full terms of services can be found ",
    "ui.multiplayertos.tos.description2": "In order to play BeamMP you will have to read and accept the terms of service.",
    "ui.multiplayertos.rules.description1": "Our rules can be found ",
    "ui.multiplayertos.rules.description2": "In order to play BeamMP you will have to accept all the game only rules.",
    "ui.multiplayertos.info1": "For more information, be sure to check our ",
    "ui.multiplayertos.info2": "You can also find more information on our ",
    "ui.common.multiplayer.sync": "Sync",
    "ui.apps.categories.multiplayer": "Multiplayer",
    "ui.camera.mode.passenger": "Passenger",
    "ui.multiplayer.security.no_return": "Cancel & Return",
    "ui.multiplayer.security.accept_proceed": "Download & Join",
    "ui.multiplayer.security.title": "Server Mods Detected",
    "ui.multiplayer.security.prompt": "The server you're joining has mods, which are downloaded and installed automatically. These mods can contain code which will run on your PC, and could be malicious. Please make sure you trust the server owner(s) before continuing. If you trust that the mods are not malicious, you can continue at your own risk. BeamMP is not responsible for any content downloaded from this server. This warning can be disabled in the settings."
}
