{
  "ui.playmodes.multiplayer": "Multijoueur",
  "ui.options.multiplayer": "Multijoueur",
  "ui.options.multiplayer.enableNewChatMenu": "Nouveau menu de tchat",
  "ui.options.multiplayer.enableNewChatMenu.tooltip": "Le nouveau menu de tchat utilise ImGui. C'est personnalisable, élégant et génial !",
  "ui.options.multiplayer.enablePosSmoother": "Activer le lissage de la position du véhicule",
  "ui.options.multiplayer.enablePosSmoother.tooltip": "Tente de lisser les données de position des joueurs avec des connexions instables, réduisant ainsi la déformation/l'effet élastique du véhicule",
  "ui.options.multiplayer.autoSyncVehicles": "Synchronisation automatique des modifications véhicule",
  "ui.options.multiplayer.autoSyncVehicles.tooltip": "Si activé, les modifications de votre véhicule seront automatiquement synchronisées avec les autres joueurs après quelques secondes",
  "ui.options.multiplayer.queueSpawnEdit": "File d'attente des modifications véhicule des joueurs",
  "ui.options.multiplayer.queueSpawnEdit.tooltip": "Si activé, les créations et modifications de véhicules à distance seront mises en file d'attente, au lieu d'être appliquées instantanément",
  "ui.options.multiplayer.queueAuto": "Système de file d'attente automatique",
  "ui.options.multiplayer.queueAuto.tooltip": "Si activé, les modifications mises en file d'attente seront uniquement appliqués une fois à l'arrêt",
  "ui.options.multiplayer.queueApplySpeed": "Seuil de vitesse d'application de la file d'attente",
  "ui.options.multiplayer.queueApplySpeed.tooltip": "Des files d'attente s'appliquent si votre véhicule se déplace plus lentement que cette vitesse",
  "ui.options.multiplayer.queueApplyTimeout": "Délai d'application de la file d'attente",
  "ui.options.multiplayer.queueAutoSkipRemote": "Ignorer la file d'attente si vous êtes en spectateur d'autres joueurs",
  "ui.options.multiplayer.queueAutoSkipRemote.tooltip": "Si activé et en spectateur d'autres joueurs, les véhicules mis en file d'attente apparaîtront immédiatement",
  "ui.options.multiplayer.queueSkipUnicycle": "Ne pas mettre en file d'attente les monocycles (Bonhomme de neige, Beamlings)",
  "ui.options.multiplayer.queueSkipUnicycle.tooltip": "Si activé, les bonhommes de neiege et les Beamlings apparaîtrons instantanément",
  "ui.options.multiplayer.luaOptimisations": "Activer l'optimisations de véhicule",
  "ui.options.multiplayer.luaOptimisations.tooltip": "Si cette option est activée, d'autres véhicules exécuteront des calculs Lua limités, améliorant ainsi les performances",
  "ui.options.multiplayer.nameTags": "Masquer les pseudos des joueurs",
  "ui.options.multiplayer.nameTagAlternate": "Utiliser des couleurs de pseudo alternatives",
  "ui.options.multiplayer.nameTagShowDistance": "Afficher la distance par rapport aux autres joueurs",
  "ui.options.multiplayer.debugOutput": "Afficher l'activité réseau dans la console",
  "ui.options.multiplayer.launcherPort": "Port du lanceur :[br]Ne pas changer à moins d'y être obligé",
  "ui.options.multiplayer.launcherPortWarn": "Ne pas changer à moins d'y être obligé",
  "ui.options.multiplayer.launcherPortDefaultPort": "Par défaut 4444",
  "ui.options.multiplayer.launcherPort.tooltip": "Réglez ceci sur le port personnalisé que le lanceur a été configuré pour utiliser.",
  "ui.options.multiplayer.clearLauncherCache": "Effacer les mods mit en cache du lanceur",
  "ui.options.multiplayer.clearLauncherCache.tooltip": "L'activation de cette option effacera les mods actuellement téléchargé du lanceur et mit en cache. Cela signifie que vous devrez à nouveau télécharger tous les mods pour chaque serveur que vous rejoindrez.",
  "ui.options.multiplayer.skipOtherPlayersVehicles": "Désactiver la caméra sur les véhicules des autres joueurs",
  "ui.options.multiplayer.fadeVehicles": "Rendre les véhicules transparent à mesure qu'ils approchent",
  "ui.options.multiplayer.fadeVehicles.tooltip": "Pertinent lorsque les collisions sont désactivées",
  "ui.options.multiplayer.showPlayerIDs": "Afficher l'identifiant du joueur",
  "ui.options.multiplayer.showPlayerIDs.tooltip": "Activer pour afficher les identifiants des joueurs dans la liste des joueurs.",
  "ui.options.multiplayer.disableLuaReload": "Désactiver le rechargement Lua lors de la déconnexion d'un serveur multijoueur.",
  "ui.options.multiplayer.disableLuaReload.tooltip": "Les rechargements Lua sont nécessaires pour s'assurer que le jeu est remis en état d'origine si des mods ont remplacé des fonctions du jeu. Peut être désactivé pour une expérience plus fluide, mais à vos risques et périls.",
  "ui.options.multiplayer.disableInstabilityPausing": "Désactiver les pauses causées par les instabilités",
  "ui.options.multiplayer.disableInstabilityPausing.tooltip": "Cela rendra le gameplay plus fluide, mais peut entraîner des problèmes de synchronisation après plusieurs instabilités",
  "ui.options.multiplayer.simplifyRemoteVehicles": "Utiliser des véhicules simplifiés lorsqu'ils sont disponibles",
  "ui.options.multiplayer.simplifyRemoteVehicles.tooltip": "Ce paramètre remplacera les véhicules à distance par les versions 'traffic' fournies par BeamNG. Réduit la précision des collisions et des visuelles, mais améliore la performance",
  "ui.options.multiplayer.enableBlobs": "Afficher des boules pour les véhicules qui n'ont pas apparut",
  "ui.options.multiplayer.enableBlobs.tooltip": "Les véhicules non générés apparaîtront sous forme de sphères colorées (blobs)",
  "ui.options.multiplayer.showSpectators": "Afficher les pseudos des spectateurs sous les pseudos des conducteur des véhicules",
  "ui.options.multiplayer.showSpectators.tooltip": "Les joueurs spectateurs d'autres véhicules seront affichés sous leurs pseudo",
  "ui.options.multiplayer.spectatorUnifiedColors": "Même couleur pour les badges des spectateurs",
  "ui.options.multiplayer.spectatorUnifiedColors.tooltip": "Afficher tous les noms des spectateurs en gris, indépendamment du rôle de l'utilisateur",
  "ui.options.multiplayer.nametagFade": "Fondre l'affichage des pseudo",
  "ui.options.multiplayer.nametagFadeIn": "Fondus entrants",
  "ui.options.multiplayer.nametagFadeOut": "Fondus sortants",
  "ui.options.multiplayer.nametagFadeDistance": "Distance de fondu",
  "ui.options.multiplayer.nametagFadeDistance.tooltip": "À quelle distance les pseudo commenceront à disparaître / s'arrêteront de disparaître",
  "ui.options.multiplayer.nametagInvertFade": "Inverser la direction du fondu des pseudos",
  "ui.options.multiplayer.nametagDontFullyHide": "Ne pas masquer complètement les pseudos",
  "ui.options.multiplayer.nametagCharLimit": "Limite de longueur des pseudos",
  "ui.options.multiplayer.nametagCharLimit.tooltip": "Nombre maximum de caractères affichés dans les pseudo",
  "ui.options.multiplayer.shortenNametags": "Raccourcir les étiquettes de nom et de rôle",
  "ui.options.multiplayer.shortenNametags.tooltip": "Tronquer les pseudos et les rôles trop longs",
  "ui.options.multiplayer.showAdvancedOptions": "Afficher les options avancées",
  "ui.options.multiplayer.showAdvancedOptions.tooltip": "Afficher tous les paramètres de BeamMP",
  "ui.options.multiplayer.tuneBlobColors": "Ajuster les couleurs",
  "ui.options.multiplayer.tuneBlobColorsHelp": "Valeur HEX de la couleur (Ex: #FF6400)",
  "ui.options.multiplayer.tuneBlobColorsVisible": "Visible",
  "ui.options.multiplayer.tuneColorQueued": "Véhicule en attente",
  "ui.options.multiplayer.tuneColorIllegal": "Vehicule illégal",
  "ui.options.multiplayer.tuneColorIllegalHelp": "(mod manquant, ne peut pas être crée)",
  "ui.options.multiplayer.tuneColorDeleted": "Véhicule supprimé",
  "ui.options.multiplayer.unicycleTitle": "Définir le monocycle par défaut",
  "ui.options.multiplayer.unicycleDefault": "Configuration par défaut du monocycle",
  "ui.options.multiplayer.unicycleAutoSave.tooltip": "Lorsque vous faites disparaître votre monocycle, il est enregistré et sera automatiquement utilisé lors de sa prochaine apparition.",
  "ui.options.multiplayer.unicycleOnSwitch": "Par défaut",
  "ui.options.multiplayer.skipModSecurityWarning": "Ignorer la fenêtre contextuelle d'avertissement de sécurité du mod",
  "ui.options.multiplayer.skipModSecurityWarning.tooltip": "Désactiver la fenêtre de sécurité lors de la connexion à des serveurs moddés.",
  "ui.options.multiplayer.blobsTitle": "Boules",
  "ui.options.multiplayer.nameTagTitle": "Pseudos",
  "ui.options.multiplayer.others": "Autres",
  "ui.options.multiplayer.new": "NOUVEAU",
  "ui.options.multiplayer.experimental": "EXPÉRIMENTAL",
  "ui.multiplayer.multiplayer": "Multijoueur",
  "ui.multiplayer.connecting": "Connexion en cours",
  "ui.multiplayer.connectingToServer": "Connexion au serveur...",
  "ui.multiplayer.loading": "Chargement...",
  "ui.multiplayer.official": "Serveurs officiels",
  "ui.multiplayer.servers": "Serveurs publics",
  "ui.multiplayer.favorites": "Favoris",
  "ui.multiplayer.featured": "Serveurs mis en avant",
  "ui.multiplayer.partner": "Serveurs partenaires",
  "ui.multiplayer.recent": "Récents",
  "ui.multiplayer.direct_connect": "Connexion directe",
  "ui.multiplayer.refresh": "Actualiser",
  "ui.multiplayer.connect": "Connecter",
  "ui.multiplayer.addCustomServer": "Ajouter un serveur personnalisé",
  "ui.multiplayer.location": "Emplacement",
  "ui.multiplayer.description": "Titre",
  "ui.multiplayer.map": "Carte",
  "ui.multiplayer.forum": "Forum",
  "ui.multiplayer.docs": "Wiki",
  "ui.multiplayer.discord": "Discord",
  "ui.multiplayer.patreon": "Patreon",
  "ui.multiplayer.players": "Joueurs",
  "ui.multiplayer.emptyOnly": "Vides seulement",
  "ui.multiplayer.emptyOnlyTooltip": "Afficher uniquement les serveurs vides",
  "ui.multiplayer.notEmpty": "Non vides",
  "ui.multiplayer.notEmptyTooltip": "Afficher uniquement les serveurs non vides",
  "ui.multiplayer.notFull": "Non remplis",
  "ui.multiplayer.notFullTooltip": "Afficher uniquement les serveurs non pleins",
  "ui.multiplayer.mapFilterTooltip": "Activer filtre de maps",
  "ui.multiplayer.modSlider": "Limite de taille des mods",
  "ui.multiplayer.modSliderTooltip": "Activer la limite de taille des mods",
  "ui.multiplayer.clearRecent": "Effacer les récents",
  "ui.multiplayer.pasteFromClipboard": "Coller depuis le presse-papiers",
  "ui.multiplayer.save": "Sauvegarder",
  "ui.multiplayer.logout": "Se déconnecter",
  "ui.multiplayer.login": "Se connecter",
  "ui.multiplayer.register": "S'inscrire",
  "ui.multiplayer.playAsGuest": "Jouer en tant qu'invité",
  "ui.multiplayer.loginDescription1": "Connectez-vous avec votre compte BeamMP.",
  "ui.multiplayer.guestDescription1": "Jouer en tant qu'invité peut être soumis à certaines restrictions de serveur. Pour une expérience complète, nous vous recommandons d'utiliser un compte enregistré.",
  "ui.multiplayer.iHaveAnAccount": "J'ai un compte",
  "ui.multiplayer.play": "Jouer",
  "ui.multiplayerlauncher.lost": "Le jeu n'est pas connecté au lanceur ! Veuillez démarrer le jeu en utilisant le lanceur BeamMP.",
  "ui.multiplayerlauncher.connect": "Connecter",
  "ui.multiplayertos.title": "Règles et conditions d'utilisation",
  "ui.multiplayertos.tos": "Conditions d'utilisation",
  "ui.multiplayertos.rules": "Règles",
  "ui.multiplayertos.tos.description1": "Vous pouvez trouver les conditions d'utilisation complètes ",
  "ui.multiplayertos.tos.description2": "Pour jouer à BeamMP, vous devez lire et accepter les conditions d'utilisation.",
  "ui.multiplayertos.rules.description1": "Nos règles peuvent être trouvées ",
  "ui.multiplayertos.rules.description2": "Pour jouer à BeamMP, vous devrez accepter toutes les règles du jeu.",
  "ui.multiplayertos.info1": "Pour plus d'informations, consultez notre ",
  "ui.multiplayertos.info2": "Vous pouvez également trouver plus d'informations sur notre ",
  "ui.common.multiplayer.sync": "Synchroniser",
  "ui.apps.categories.multiplayer": "Multijoueur",
  "ui.camera.mode.passenger": "Passager",
  "ui.multiplayer.security.no_return": "Annuler & Retour",
  "ui.multiplayer.security.accept_proceed": "Télécharger & Rejoindre",
  "ui.multiplayer.security.title": "Mods de serveur détectés",
  "ui.multiplayer.security.prompt": "Le serveur que vous rejoignez possède des mods, qui sont téléchargés et installés automatiquement. Ces mods peuvent contenir du code qui s'exécutera sur votre PC et qui pourrait être malveillant. Assurez-vous de faire confiance au(x) propriétaire(s) du serveur avant de continuer. Si vous pensez que les mods ne sont pas malveillants, vous pouvez continuer à vos risques et périls. BeamMP n'est pas responsable du contenu téléchargé depuis ce serveur. Cet avertissement peut être désactivé dans les paramètres."
}
