{
    "ui.options.multiplayer": "Többjátékos",

    "ui.options.multiplayer.nameTagTitle": "Játékosnevek",
    "ui.options.multiplayer.nameTags": "Játékosok neveinek mutatása",
    "ui.options.multiplayer.nameTagAlternate": "Alternatív névszínek",
	"ui.options.multiplayer.nameTagShowDistance": "Játékosok távolságának mutatása",

    "ui.options.multiplayer.others": "Egyebek",
    "ui.options.multiplayer.debugOutput": "Fejlesztői üzenetek mutatása",
    "ui.options.multiplayer.launcherPort": "A launcher által használt port",
    "ui.options.multiplayer.launcherPort.tooltip": "",
    "ui.options.multiplayer.clearLauncherCache": "A launcher mod gyorsítótárának törlése",
    "ui.options.multiplayer.clearLauncherCache.tooltip": "Ide kattintva a launcher letöröl minden eltárolt többjátékos modot, és azokat újra le kell majd tölteni szerverre lépéskor.",
    "ui.multiplayer.clear": "Gyorsítótár ürítése",


	"ui.multiplayer.multiplayer": "Többjátékos",
	"ui.multiplayer.connecting": "Csatlakozás",
	"ui.multiplayer.loading": "Betöltés...",
	"ui.multiplayer.servers": "Szerverek",
	"ui.multiplayer.favorites": "Kedvencek",
	"ui.multiplayer.featured": "Kiemelt szerverek",
	"ui.multiplayer.partner": "Partner szerverek",
	"ui.multiplayer.direct_connect": "Közvetlen csatlakozás",
	"ui.multiplayer.refresh": "Frissítés",
	"ui.multiplayer.connect": "Csatlakozás",
	
	"ui.multiplayer.addCustomServer": "Szerver hozzáadása",
	
	"ui.multiplayer.location": "Ország",
	"ui.multiplayer.description": "Név",
	"ui.multiplayer.map": "Pálya",
	"ui.multiplayer.players": "Játékosok"


}
