{
    "ui.playmodes.multiplayer": "Wieloosobowy",
    "ui.options.multiplayer": "Wieloosobowy",
    "ui.options.multiplayer.enableNewChatMenu": "Nowe menu czatu",
    "ui.options.multiplayer.enableNewChatMenu.tooltip": "Nowe menu czatu korzysta z ImGui. Jest konfigurowalne, eleganckie i niesamowite!",
    "ui.options.multiplayer.enablePosSmoother": "Włącz wygładzanie pozycji pojazdu",
    "ui.options.multiplayer.enablePosSmoother.tooltip": "Próbuje wygładzić dane o pozycji od graczy z niestabilnymi połączeniami, redukując teleportowanie/wyślizgiwanie się pojazdów",
    "ui.options.multiplayer.autoSyncVehicles": "Włącz automatyczną synchronizację części",
    "ui.options.multiplayer.autoSyncVehicles.tooltip": "Jeśli jest włączone, części twojego pojazdu będą automatycznie synchronizowane z innymi graczami po kilku sekundach",
    "ui.options.multiplayer.queueSpawnEdit": "Włącz kolejkowanie aktualizacji/edycji pojazdów graczy",
    "ui.options.multiplayer.queueSpawnEdit.tooltip": "Jeśli jest włączone, zdalne pojawianie się i edycje pojazdów będą umieszczane w kolejce, zamiast być natychmiast stosowane",
    "ui.options.multiplayer.queueAuto": "Automatycznie zastosuj zmiany w kolejce pojazdów",
    "ui.options.multiplayer.queueAuto.tooltip": "Jeśli jest włączone, będziesz pojawiać pojazdy w kolejce tylko po zatrzymaniu na podstawie poniższych ustawień",
    "ui.options.multiplayer.queueApplySpeed": "Próg prędkości zastosowania kolejki",
    "ui.options.multiplayer.queueApplySpeed.tooltip": "Kolejki są stosowane, jeśli twój pojazd porusza się wolniej niż ta prędkość",
    "ui.options.multiplayer.queueApplyTimeout": "Limit czasu zastosowania kolejki",
    "ui.options.multiplayer.queueApplyTimeout.tooltip": "Kolejki są stosowane, jeśli twój pojazd porusza się poniżej ustawionego progu prędkości przez ten czas",
    "ui.options.multiplayer.queueAutoSkipRemote": "Pomiń kolejkę, jeśli obserwujesz innych",
    "ui.options.multiplayer.queueAutoSkipRemote.tooltip": "Jeśli jest włączone i obserwujesz innych graczy, pojawią się pojazdy w kolejce od razu",
    "ui.options.multiplayer.queueSkipUnicycle": "Nie kolejkuj jednokołowców (Bałwanki/Beamlings)",
    "ui.options.multiplayer.queueSkipUnicycle.tooltip": "Jeśli jest włączone, pojawią się inne jednokołowce (Bałwanki/Beamlings) od razu",
    "ui.options.multiplayer.luaOptimisations": "Włącz optymalizacje pojazdów",
    "ui.options.multiplayer.luaOptimisations.tooltip": "Jeśli jest włączone, inne pojazdy będą wykonywać ograniczone obliczenia Lua, poprawiając wydajność",
    "ui.options.multiplayer.nameTags": "Ukryj nazwy graczy",
    "ui.options.multiplayer.nameTagAlternate": "Użyj alternatywnych kolorów nazw",
    "ui.options.multiplayer.nameTagShowDistance": "Pokaż odległość od innych graczy",
    "ui.options.multiplayer.debugOutput": "Pokaż aktywność sieciową w konsoli",
    "ui.options.multiplayer.launcherPort": "Port launchera:[br]Nie zmieniaj, chyba że musisz",
    "ui.options.multiplayer.launcherPortWarn": "Nie zmieniaj, chyba że musisz",
    "ui.options.multiplayer.launcherPortDefaultPort": "Domyślnie jest 4444",
    "ui.options.multiplayer.launcherPort.tooltip": "Ustaw to na niestandardowy port, który został ustawiony do użycia przez launcher.",
    "ui.options.multiplayer.clearLauncherCache": "Wyczyść pamięć podręczną modów launchera",
    "ui.options.multiplayer.clearLauncherCache.tooltip": "Włączenie tego wyczyści aktualnie pobraną pamięć podręczną modów launchera. Spowoduje to konieczność ponownego pobrania wszystkich modów dla każdego serwera, do którego dołączasz.",
    "ui.options.multiplayer.skipOtherPlayersVehicles": "Wyłącz przełączanie do pojazdów innych graczy",
    "ui.options.multiplayer.fadeVehicles": "Zanikaj pojazdy, gdy zbliżają się",
    "ui.options.multiplayer.fadeVehicles.tooltip": "Dobre, gdy sparowane z wyłączonymi kolizjami",
    "ui.options.multiplayer.disableLuaReload": "Wyłącz przeładowywanie Lua po opuszczeniu serwera wieloosobowego.",
    "ui.options.multiplayer.disableLuaReload.tooltip": "Przeładowania Lua są wymagane, aby zapewnić, że gra wróci do działającego stanu, jeśli mody zastąpiły funkcje gry. Można to wyłączyć dla płynniejszego doświadczenia na własne ryzyko.",
    "ui.options.multiplayer.disableInstabilityPausing": "Wyłącz pauzowanie spowodowane niestabilnościami",
    "ui.options.multiplayer.disableInstabilityPausing.tooltip": "To sprawi, że rozgrywka będzie płynniejsza, ale może powodować problemy z synchronizacją po kilku niestabilnościach",
    "ui.options.multiplayer.simplifyRemoteVehicles": "Używaj uproszczonych pojazdów, gdy są dostępne",
    "ui.options.multiplayer.simplifyRemoteVehicles.tooltip": "To ustawienie zastąpi zdalne pojazdy dostarczanymi przez BeamNG wersjami 'ruchu drogowego'. Zmniejsza dokładność kolizji i wizualizacji, ale poprawia wydajność",
    "ui.options.multiplayer.enableBlobs": "Włącz bloby dla niewywołanych pojazdów",
    "ui.options.multiplayer.enableBlobs.tooltip": "Niewywołane pojazdy pojawią się jako kolorowe sfery (bloby)",
    "ui.options.multiplayer.showSpectators": "Pokaż nicki obserwatorów pod nickami pojazdów",
    "ui.options.multiplayer.showSpectators.tooltip": "Gracze obserwujący pojazdy innych będą wymienieni pod ich nickami",
    "ui.options.multiplayer.spectatorUnifiedColors": "Ten sam kolor dla nicków obserwatorów",
    "ui.options.multiplayer.spectatorUnifiedColors.tooltip": "Rysuj wszystkie nicki obserwatorów jako szare, niezależnie od roli użytkownika",
    "ui.options.multiplayer.nametagFade": "Zanikanie nicków",
    "ui.options.multiplayer.nametagFadeIn": "Zanikanie in",
    "ui.options.multiplayer.nametagFadeOut": "Zanikanie out",
    "ui.options.multiplayer.nametagFadeDistance": "Odległość zanikania",
    "ui.options.multiplayer.nametagFadeDistance.tooltip": "Jak daleko nicki zaczną zanikać/przestaną zanikać",
    "ui.options.multiplayer.nametagInvertFade": "Odwróć kierunek zanikania nicku",
    "ui.options.multiplayer.nametagDontFullyHide": "Nie ukrywaj całkowicie nicków",
    "ui.options.multiplayer.nametagCharLimit": "Limit długości nicku",
    "ui.options.multiplayer.nametagCharLimit.tooltip": "Maksymalna liczba znaków, które chcesz zobaczyć w nicku",
    "ui.options.multiplayer.shortenNametags": "Skróć nick i tagi ról",
    "ui.options.multiplayer.shortenNametags.tooltip": "Przytnij długie nazwy graczy i role",
    "ui.options.multiplayer.showAdvancedOptions": "Pokaż zaawansowane opcje",
    "ui.options.multiplayer.showAdvancedOptions.tooltip": "Wyświetl wszystkie ustawienia BeamMP",
    "ui.options.multiplayer.tuneBlobColors": "Dostroj kolory",
    "ui.options.multiplayer.tuneBlobColorsHelp": "Wartość koloru HEX (np. #FF6400)",
    "ui.options.multiplayer.tuneBlobColorsVisible": "Widoczny",
    "ui.options.multiplayer.tuneColorQueued": "Pojazd w kolejce",
    "ui.options.multiplayer.tuneColorIllegal": "Nielegalny pojazd",
    "ui.options.multiplayer.tuneColorIllegalHelp": "(brakujący mod, nie można go wywołać)",
    "ui.options.multiplayer.tuneColorDeleted": "Usunięty pojazd",
    "ui.options.multiplayer.unicycleTitle": "Ustaw domyślny jednokołowiec",
    "ui.options.multiplayer.unicycleDefault": "Domyślna konfiguracja jednokołowca",
    "ui.options.multiplayer.unicycleAutoSave": "Automatycznie zapisuj ostatnio używany jednokołowiec",
    "ui.options.multiplayer.unicycleAutoSave.tooltip": "Gdy zdezaktywujesz swój jednokołowiec, jest on zapisywany i używany ponownie następnym razem, gdy go wywołasz",
    "ui.options.multiplayer.unicycleOnSwitch": "Domyślnie ustawione na",
    "ui.options.multiplayer.blobsTitle": "Bloby",
    "ui.options.multiplayer.nameTagTitle": "Nickami",
    "ui.options.multiplayer.others": "Inni",
    "ui.options.multiplayer.new": "NOWY",
    "ui.options.multiplayer.experimental": "EKSPERYMENTALNY",
    "ui.multiplayer.multiplayer": "Wieloosobowy",
    "ui.multiplayer.connecting": "Łączenie",
    "ui.multiplayer.connectingToServer": "Łączenie z serwerem...",
    "ui.multiplayer.loading": "Ładowanie...",
    "ui.multiplayer.official": "Oficjalne serwery",
    "ui.multiplayer.servers": "Publiczne serwery",
    "ui.multiplayer.favorites": "Ulubione",
    "ui.multiplayer.featured": "Polecane serwery",
    "ui.multiplayer.partner": "Serwery partnerów",
    "ui.multiplayer.recent": "Ostatnie",
    "ui.multiplayer.direct_connect": "Bezpośrednie połączenie",
    "ui.multiplayer.refresh": "Odśwież",
    "ui.multiplayer.connect": "Połącz",
    "ui.multiplayer.addCustomServer": "Dodaj niestandardowy serwer",
    "ui.multiplayer.location": "Lokalizacja",
    "ui.multiplayer.description": "Nazwa",
    "ui.multiplayer.map": "Mapa",
    "ui.multiplayer.forum": "Forum",
    "ui.multiplayer.docs": "Wiki",
    "ui.multiplayer.discord": "Discord",    
    "ui.multiplayer.patreon": "Patreon",
    "ui.multiplayer.players": "Gracze",
    "ui.multiplayer.emptyOnly": "Tylko puste",
    "ui.multiplayer.emptyOnlyTooltip": "Pokaż tylko puste serwery",
    "ui.multiplayer.notEmpty": "Nie puste",
    "ui.multiplayer.notEmptyTooltip": "Pokaż tylko niepuste serwery",
    "ui.multiplayer.notFull": "Nie pełne",
    "ui.multiplayer.notFullTooltip": "Pokaż tylko niepełne serwery",
    "ui.multiplayer.mapFilterTooltip": "Włącz filtr map",
    "ui.multiplayer.modSlider": "Ogranicznik rozmiaru moda",
    "ui.multiplayer.modSliderTooltip": "Włącz ogranicznik rozmiaru moda",
    "ui.multiplayer.clearRecent": "Wyczyść ostatnie",
    "ui.multiplayer.pasteFromClipboard": "Wklej ze schowka",
    "ui.multiplayer.save": "Zapisz",
    "ui.multiplayer.logout": "Wyloguj",
    "ui.multiplayer.login": "Zaloguj",
    "ui.multiplayer.register": "Zarejestruj",
    "ui.multiplayer.playAsGuest": "Graj jako gość",
    "ui.multiplayer.loginDescription1": "Zaloguj się na swoje konto BeamMP.",
    "ui.multiplayer.guestDescription1": "Gra jako gość może mieć pewne ograniczenia serwera, dla pełnego doświadczenia zalecamy korzystanie z zarejestrowanego konta.",
    "ui.multiplayer.iHaveAnAccount": "Mam konto",
    "ui.multiplayer.play": "Graj",
    "ui.multiplayerlauncher.lost": "Gra nie jest połączona z launcherem! Proszę uruchomić grę za pomocą BeamMP Launcher.",
    "ui.multiplayerlauncher.connect": "Połącz",
    "ui.multiplayertos.title": "Zasady i warunki usługi",
    "ui.multiplayertos.tos": "Warunki usługi",
    "ui.multiplayertos.rules": "Zasady",
    "ui.multiplayertos.tos.description1": "Pełne warunki usług można znaleźć ",
    "ui.multiplayertos.tos.description2": "Aby grać w BeamMP, musisz przeczytać i zaakceptować warunki usługi.",
    "ui.multiplayertos.rules.description1": "Nasze zasady można znaleźć ",
    "ui.multiplayertos.rules.description2": "Aby grać w BeamMP, musisz zaakceptować wszystkie zasady dotyczące tylko gry.",
    "ui.multiplayertos.info1": "Aby uzyskać więcej informacji, koniecznie sprawdź nasze ",
    "ui.multiplayertos.info2": "Więcej informacji można również znaleźć na naszej ",
    "ui.common.multiplayer.sync": "Synchronizacja",
    "ui.apps.categories.multiplayer": "Wieloosobowy",
    "ui.camera.mode.passenger": "Pasażer"
}
