{
  "ui.playmodes.multiplayer": "Gra wieloosobowa",
  "ui.options.multiplayer": "Gra wieloosobowa",
  "ui.options.multiplayer.enableNewChatMenu": "Nowe okno czatu",
  "ui.options.multiplayer.enableNewChatMenu.tooltip": "Nowe menu czatu wykorzystuje ImGui. Menu jest w pełni konfigurowalne, elegancke i niesamowite!",
  "ui.options.multiplayer.enablePosSmoother": "Włącz wygładzanie pozycji pojazdu",
  "ui.options.multiplayer.enablePosSmoother.tooltip": "Próbuje wygładzić dane o pozycji graczy z niestabilnym połączeniem, redukując efekt „skakania\" i „gumowania\" pojazdów innych graczy.\n",
  "ui.options.multiplayer.autoSyncVehicles": "Włącz automatyczną synchronizację części",
  "ui.options.multiplayer.autoSyncVehicles.tooltip": "Jeśli ta opcja jest włączona, części Twojego pojazdu zostaną automatycznie zsynchronizowane z innymi graczami po kilku sekundach",
  "ui.options.multiplayer.queueSpawnEdit": "Włącz kolejkowanie aktualizacji/edycji pojazdów gracza",
  "ui.options.multiplayer.queueSpawnEdit.tooltip": "Jeśli ta opcja jest włączona, zdalne odradzanie się pojazdów i zmiany będą umieszczane w kolejce, zamiast być stosowane natychmiast",
  "ui.options.multiplayer.queueAuto": "Automatycznie zastosuj zmiany w pojazdach znajdujących się w kolejce",
  "ui.options.multiplayer.queueAuto.tooltip": "Jeśli ta opcja jest włączona, pojazdy ustawione w kolejce będą pojawiać się dopiero po zatrzymaniu się, zgodnie z poniższymi ustawieniami",
  "ui.options.multiplayer.queueApplySpeed": "Kolejka zastosowania limitu prędkości",
  "ui.options.multiplayer.queueApplySpeed.tooltip": "Kolejka zostaje zastosowana gdy twój pojazd porusza się z prędkością mniejszą niż",
  "ui.options.multiplayer.queueApplyTimeout": "Limit czasu zastosowania kolejki",
  "ui.options.multiplayer.queueApplyTimeout.tooltip": "Kolejki zostaną zastosowanie, jeśli Twój pojazd będzie poruszał się poniżej ustalonej prędkości granicznej przez ten czas\n",
  "ui.options.multiplayer.queueAutoSkipRemote": "Nie używaj kolejki, jeśli obserwujesz innych graczy",
  "ui.options.multiplayer.queueAutoSkipRemote.tooltip": "Jeśli ta opcja jest włączona i obserwujesz innych graczy, od razu odrodzisz pojazdy w kolejce",
  "ui.options.multiplayer.queueSkipUnicycle": "Nie dodwaj do kolejki Unicykli (Bałwany/Beamlings)",
  "ui.options.multiplayer.queueSkipUnicycle.tooltip": "Jeśli ta opcja jest włączona, od razu pojawią się inne Unicykle (Bałwany/Promienie).",
  "ui.options.multiplayer.luaOptimisations": "Włącz optymalizacje pojazdu",
  "ui.options.multiplayer.luaOptimisations.tooltip": "Jeśli ta opcja jest włączona, inne pojazdy będą wykonywać ograniczone obliczenia Lua, w celu poprawienia wydajności",
  "ui.options.multiplayer.nameTags": "Ukryj nazwy graczy",
  "ui.options.multiplayer.nameTagAlternate": "Użyj alternatywnych kolorów nazw graczy",
  "ui.options.multiplayer.nameTagShowDistance": "Pokaż odległość od innych graczy",
  "ui.options.multiplayer.debugOutput": "Pokaż aktywność sieciową w konsoli",
  "ui.options.multiplayer.launcherPort": "Launcher port:[br]Nie zmieniaj, chyba że musisz",
  "ui.options.multiplayer.launcherPortWarn": "Nie zmieniaj, jeśli nie musisz",
  "ui.options.multiplayer.launcherPortDefaultPort": "Wartość domyślna to 4444",
  "ui.options.multiplayer.launcherPort.tooltip": "Ustaw to na niestandardowy port, z którego korzystał program uruchamiający.",
  "ui.options.multiplayer.clearLauncherCache": "Wyczyść pamięć podręczną modów launchera",
  "ui.options.multiplayer.clearLauncherCache.tooltip": "Włączenie tej opcji wyczyści pamięć podręczną aktualnie pobieranych modów w launcherze. Spowoduje to konieczność ponownego pobrania wszystkich modów dla każdego serwera, do którego dołączysz.",
  "ui.options.multiplayer.skipOtherPlayersVehicles": "Wyłącz możliwość przełączania się na pojazdy innych graczy",
  "ui.options.multiplayer.fadeVehicles": "Pojazdy bedą zanikać, gdy się zbliżają",
  "ui.options.multiplayer.fadeVehicles.tooltip": "Działa dobrze w połączeniu z wyłączonymi kolizjami",
  "ui.options.multiplayer.showPlayerIDs": "Pokazuj identyfikatory graczy",
  "ui.options.multiplayer.showPlayerIDs.tooltip": "Włącz, aby widzieć identyfikatory graczy na liście",
  "ui.options.multiplayer.disableLuaReload": "Wyłącz ponowne ładowanie Lua przy opuszczaniu serwera wieloosobowego.",
  "ui.options.multiplayer.disableLuaReload.tooltip": "Ponowne załadowanie Lua jest wymagane, aby zapewnić przywrócenie gry do stanu roboczego, jeśli mody zmieniły funkcje gry. Opcje można wyłączyć, aby zapewnić płynniejsze działanie, robisz to na własne ryzyko.",
  "ui.options.multiplayer.disableInstabilityPausing": "Wyłącz pauzę spowodowaną niestabilnością",
  "ui.options.multiplayer.disableInstabilityPausing.tooltip": "Dzięki temu rozgrywka będzie płynniejsza, ale może powodować problemy z synchronizacją po kilku niestabilnościach",
  "ui.options.multiplayer.simplifyRemoteVehicles": "Używaj uproszczonych pojazdów, jeśli jest to możliwe",
  "ui.options.multiplayer.simplifyRemoteVehicles.tooltip": "To ustawienie zastąpi zdalne pojazdy wersjami \"ulicznymi\" dostarczonymi przez BeamNG. Zmniejsza dokładność kolizji i efekty wizualne, kosztem poprawienia wydajność",
  "ui.options.multiplayer.enableBlobs": "Włącz obiekty blob dla niezespawnowanych pojazdów",
  "ui.options.multiplayer.enableBlobs.tooltip": "Niespawnowane pojazdy będą widoczne jako kolorowe kule",
  "ui.options.multiplayer.showSpectators": "Pokaż  nazwe gracza z poziomu widza pod tabliczką z nazwą pojazdu",
  "ui.options.multiplayer.showSpectators.tooltip": "Gracze obserwujący pojazdy innych osób zostaną wyświetleni pod ich nazwami użytkownika",
  "ui.options.multiplayer.spectatorUnifiedColors": "Ten sam kolor nazw użytkowników dla obserwujących",
  "ui.options.multiplayer.spectatorUnifiedColors.tooltip": "Renderuj wszystkie nazwy oberwujących na szaro, niezależnie od roli użytkownika",
  "ui.options.multiplayer.nametagFade": "Zanikanie/zanikanie nazw użytkowników",
  "ui.options.multiplayer.nametagFadeIn": "Rozjaśnij",
  "ui.options.multiplayer.nametagFadeOut": "Zniknij",
  "ui.options.multiplayer.nametagFadeDistance": "Dystans zanikania",
  "ui.options.multiplayer.nametagFadeDistance.tooltip": "Jak daleko nazwy graczy zaczną się pojawiać/przestają zanikać",
  "ui.options.multiplayer.nametagInvertFade": "Odwróć kierunek zanikania nazwy użytkownika",
  "ui.options.multiplayer.nametagDontFullyHide": "Nie chowaj całkowicie nazw graczy.\n",
  "ui.options.multiplayer.nametagCharLimit": "Limit długości nazwy gracza\n",
  "ui.options.multiplayer.nametagCharLimit.tooltip": "Maksymalna liczba znaków, jaką chcesz widzieć w nazwie gracza\n",
  "ui.options.multiplayer.shortenNametags": "Skróć nazwy graczy i tagi ról\n",
  "ui.options.multiplayer.shortenNametags.tooltip": "Przytnij długie nazwy graczy i role.\n",
  "ui.options.multiplayer.showAdvancedOptions": "Pokaż opcje zaawansowane",
  "ui.options.multiplayer.showAdvancedOptions.tooltip": "Wyświetl wszystkie ustawienia BeamMP",
  "ui.options.multiplayer.tuneBlobColors": "Dostosuj kolory",
  "ui.options.multiplayer.tuneBlobColorsHelp": "Wartość koloru szesnastkowego (np.: #FF6400)",
  "ui.options.multiplayer.tuneBlobColorsVisible": "Widoczne",
  "ui.options.multiplayer.tuneColorQueued": "Pojazd w kolejce",
  "ui.options.multiplayer.tuneColorIllegal": "Niedozwolony pojazd ",
  "ui.options.multiplayer.tuneColorIllegalHelp": "(brak moda, nie można go stworzyć)",
  "ui.options.multiplayer.tuneColorDeleted": "Usunięty pojazd",
  "ui.options.multiplayer.unicycleTitle": "Ustaw domyślny monocykl\n",
  "ui.options.multiplayer.unicycleDefault": "Domyślna konfiguracja monocykla.\n",
  "ui.options.multiplayer.unicycleAutoSave": "Automatycznie zapisuj ostatnio używany monocykl.\n",
  "ui.options.multiplayer.unicycleAutoSave.tooltip": "Po zniknięciu Twojego monocykla, jego ustawienia zostaną zapisane i użyte ponownie przy następnym spawnowaniu.\n",
  "ui.options.multiplayer.unicycleOnSwitch": "Domyślnie ustawione na\n",
  "ui.options.multiplayer.skipModSecurityWarning": "Wyłącz ostrzeżenie o modach",
  "ui.options.multiplayer.skipModSecurityWarning.tooltip": "Wyłącz ostrzeżenie pojawiąjące się podczas dołączania do serwerami z modami",
  "ui.options.multiplayer.blobsTitle": "Kule świetlne\n",
  "ui.options.multiplayer.nameTagTitle": "Nicki\n",
  "ui.options.multiplayer.others": "Inni",
  "ui.options.multiplayer.new": "NOWY",
  "ui.options.multiplayer.experimental": "EKSPERYMENTALNY",
  "ui.multiplayer.multiplayer": "Tryb wieloosobowy",
  "ui.multiplayer.connecting": "Łączenie",
  "ui.multiplayer.connectingToServer": "Łączenie z serwerem...",
  "ui.multiplayer.loading": "Ładowanie...",
  "ui.multiplayer.official": "Oficjalne serwery",
  "ui.multiplayer.servers": "Serwery publiczne",
  "ui.multiplayer.favorites": "Ulubione",
  "ui.multiplayer.featured": "Polecane serwery",
  "ui.multiplayer.partner": "Serwery partnerskie",
  "ui.multiplayer.recent": "Ostatnie",
  "ui.multiplayer.direct_connect": "Połączenie bezpośrednie",
  "ui.multiplayer.refresh": "Odśwież",
  "ui.multiplayer.connect": "Połącz",
  "ui.multiplayer.addCustomServer": "Dodaj własny serwer",
  "ui.multiplayer.location": "Lokalizacja",
  "ui.multiplayer.description": "Tytuł",
  "ui.multiplayer.map": "Mapa",
  "ui.multiplayer.forum": "Forum",
  "ui.multiplayer.docs": "Wiki",
  "ui.multiplayer.discord": "Discord",
  "ui.multiplayer.patreon": "Patreon",
  "ui.multiplayer.players": "Gracze",
  "ui.multiplayer.emptyOnly": "Tylko bez graczy",
  "ui.multiplayer.emptyOnlyTooltip": "Pokazuj tylko serwery bez graczy",
  "ui.multiplayer.notEmpty": "Z graczami",
  "ui.multiplayer.notEmptyTooltip": "Pokazuj tylko serwery z conajmniej jednym graczem",
  "ui.multiplayer.notFull": "Z wolnym miejscem",
  "ui.multiplayer.notFullTooltip": "Pokazuj tylko serwery na których jest wolne conajmniej jedno miejsce",
  "ui.multiplayer.mapFilterTooltip": "Włącz filtrowanie mapy\n",
  "ui.multiplayer.modSlider": "Ograniczenik rozmiaru modów",
  "ui.multiplayer.modSliderTooltip": "Włącz ograniczenie rozmiaru modów",
  "ui.multiplayer.clearRecent": "Wyczyść ostatnie",
  "ui.multiplayer.pasteFromClipboard": "Wklej ze schowka",
  "ui.multiplayer.save": "Zapisz",
  "ui.multiplayer.logout": "Wyloguj się",
  "ui.multiplayer.login": "Zaloguj się",
  "ui.multiplayer.register": "Zarejestruj się",
  "ui.multiplayer.playAsGuest": "Graj jako Gość",
  "ui.multiplayer.loginDescription1": "Zaloguj się na swoje konto BeamMP.",
  "ui.multiplayer.guestDescription1": "Granie jako gość może wiązać się z pewnymi ograniczeniami na serwerze. Aby korzystać z pełnej funkcjonalności gry, zalecamy używanie zarejestrowanego konta. \n",
  "ui.multiplayer.iHaveAnAccount": "Posiadam konto",
  "ui.multiplayer.play": "Graj",
  "ui.multiplayerlauncher.lost": "Gra nie jest połączona z launcherem! Uruchom grę za pomocą launchera BeamMP.",
  "ui.multiplayerlauncher.connect": "Połącz",
  "ui.multiplayertos.title": "Regulamin i warunki korzystania",
  "ui.multiplayertos.tos": "Warunki korzystania",
  "ui.multiplayertos.rules": "Regulamin",
  "ui.multiplayertos.tos.description1": "Wszystkie warunki korzystania można znaleźć ",
  "ui.multiplayertos.tos.description2": "Aby zagrać w BeamMP, musisz przeczytać i zaakceptować warunki korzystania z usługi.",
  "ui.multiplayertos.rules.description1": "Nasze zasady można znaleźć ",
  "ui.multiplayertos.rules.description2": "Aby móc grać w BeamMP, musisz zaakceptować wszystkie zasady obowiązujące w grze.\n",
  "ui.multiplayertos.info1": "Aby uzyskać więcej informacji, koniecznie sprawdź nasze ",
  "ui.multiplayertos.info2": "Więcej informacji znajdziesz także na naszej stronie ",
  "ui.common.multiplayer.sync": "Synchronizuj",
  "ui.apps.categories.multiplayer": "Tryb wieloosobowy",
  "ui.camera.mode.passenger": "Pasażer",
  "ui.multiplayer.security.no_return": "Anuluj i wróć",
  "ui.multiplayer.security.accept_proceed": "Pobierz i dołącz",
  "ui.multiplayer.security.title": "Wykryto modyfikacje na serwerze",
  "ui.multiplayer.security.prompt": "Serwer, do którego się łączysz, zawiera mody, które są pobierane i instalowane automatycznie. Mody te mogą zawierać złośliwy kod, który będzie działał na Twoim komputerze. Zanim przejdziesz dalej, upewnij się, że ufasz właścicielowi(-om) serwera. Jeśli masz pewność, że modyfikacje nie są złośliwe, możesz kontynuować na własne ryzyko. BeamMP nie ponosi odpowiedzialności za treści pobrane z tego serwera. To ostrzeżenie może być wyłączone w ustawieniach."
}
