{
  "ui.playmodes.multiplayer": "Multijogador",
  "ui.options.multiplayer": "Multijogador",
  "ui.options.multiplayer.enableNewChatMenu": "Novo menu de chat",
  "ui.options.multiplayer.enableNewChatMenu.tooltip": "O novo menu de chat usa ImGui. Ele é customizável, elegante e incrível!",
  "ui.options.multiplayer.enablePosSmoother": "Ativar suavização da posição do veículo",
  "ui.options.multiplayer.enablePosSmoother.tooltip": "Tenta suavizar dados de posição de jogadores com conexões instáveis, reduzindo dessincronizações do veículo",
  "ui.options.multiplayer.autoSyncVehicles": "Ativar sincronização automática de peças",
  "ui.options.multiplayer.autoSyncVehicles.tooltip": "Se ativado, as peças do seu veículo serão sincronizadas automaticamente com outros jogadores após alguns segundos",
  "ui.options.multiplayer.queueSpawnEdit": "Habilitar fila de atualização/edição dos veículos do jogadores",
  "ui.options.multiplayer.queueSpawnEdit.tooltip": "Se habilitado, o surgimento e edições de outros veículos serão colocados em uma fila, ao invés de serem aplicados imediatamente",
  "ui.options.multiplayer.queueAuto": "Aplicar automaticamente alterações de veículos na fila",
  "ui.options.multiplayer.queueAuto.tooltip": "Se Habilitado, você só atualizará veículos na fila quando estiver parado, com base nas configurações abaixo",
  "ui.options.multiplayer.queueApplySpeed": "Limite de velocidade para aplicação da fila",
  "ui.options.multiplayer.queueApplySpeed.tooltip": "A fila é aplicada se seu veículo estiver mais lento do que essa velocidade",
  "ui.options.multiplayer.queueApplyTimeout": "Limite de tempo para aplicação da fila",
  "ui.options.multiplayer.queueApplyTimeout.tooltip": "A fila é aplicada se seu veículo estiver abaixo do seu limite de velocidade por esse tempo ",
  "ui.options.multiplayer.queueAutoSkipRemote": "Pular a fila se estiver assistindo outros jogadores",
  "ui.options.multiplayer.queueAutoSkipRemote.tooltip": "Se ativada e estiver assistindo a outros jogadores, você atualizará veículos na fila imediatamente",
  "ui.options.multiplayer.queueSkipUnicycle": "Não colocar monociclos na fila (bonecos de neve/Beamlings)",
  "ui.options.multiplayer.queueSkipUnicycle.tooltip": "Se ativada, você atualizará outros monociclos (Bonecos de Neve/Beamlings) imediatamente",
  "ui.options.multiplayer.luaOptimisations": "Habilitar otimizações de veículos",
  "ui.options.multiplayer.luaOptimisations.tooltip": "Se habilitado, outros veículos executarão cálculos Lua limitados, melhorando o desempenho",
  "ui.options.multiplayer.nameTags": "Ocultar os nomes dos jogadores",
  "ui.options.multiplayer.nameTagAlternate": "Usar cores alternativas para os nomes",
  "ui.options.multiplayer.nameTagShowDistance": "Mostrar distância para outros jogadores",
  "ui.options.multiplayer.debugOutput": "Mostrar atividade de rede no console",
  "ui.options.multiplayer.launcherPort": "Porta do inicializador:[br]Não mude a menos que seja necessário",
  "ui.options.multiplayer.launcherPortWarn": "Não mude a menos que seja necessário",
  "ui.options.multiplayer.launcherPortDefaultPort": "O padrão é 4444",
  "ui.options.multiplayer.launcherPort.tooltip": "Defina isso como a porta personalizada que o iniciador foi configurado para usar.",
  "ui.options.multiplayer.clearLauncherCache": "Limpe o cache do mod do iniciador",
  "ui.options.multiplayer.clearLauncherCache.tooltip": "Habilitar este recurso limpará o cache de mods baixados atualmente do inicializador. Isso fará com que você tenha que baixar todos os mods para cada servidor em que entrar novamente.",
  "ui.options.multiplayer.skipOtherPlayersVehicles": "Desabilitar a troca de veículos para outros jogadores",
  "ui.options.multiplayer.fadeVehicles": "Desaparecer veículos à medida que eles se aproximam",
  "ui.options.multiplayer.fadeVehicles.tooltip": "Bom quando combinado com colisões desativadas",
  "ui.options.multiplayer.showPlayerIDs": "Mostrar ID's dos jogadores",
  "ui.options.multiplayer.showPlayerIDs.tooltip": "Habilitar para mostrar os ID's na lista de jogadores.",
  "ui.options.multiplayer.disableLuaReload": "Desabilitar o recarregamento Lua ao sair de um servidor multijogador.",
  "ui.options.multiplayer.disableLuaReload.tooltip": "Recarregamentos lua são necessários para garantir que o jogo volte a funcionar se os mods tiverem substituído as funções do jogo. Pode ser desabilitado para uma experiência mais suave, mas por sua conta e risco.",
  "ui.options.multiplayer.disableInstabilityPausing": "Desabilitar pausas causadas por instabilidades",
  "ui.options.multiplayer.disableInstabilityPausing.tooltip": "Isto tornará a jogabilidade mais suave, mas pode causar problemas de sincronização após várias instabilidades",
  "ui.options.multiplayer.simplifyRemoteVehicles": "Utilizar veículos simplificados quando disponíveis",
  "ui.options.multiplayer.simplifyRemoteVehicles.tooltip": "Esta configuração substituirá os veículos remotos pelas versões de \"tráfego\" fornecidas pelo BeamNG. Reduz a precisão das colisões e dos efeitos visuais, mas melhora o desempenho",
  "ui.options.multiplayer.enableBlobs": "Habilitar blobs para veículos não gerados",
  "ui.options.multiplayer.enableBlobs.tooltip": "Veículos não gerados aparecerão como esferas coloridas (bolhas)",
  "ui.options.multiplayer.showSpectators": "Mostrar o nome dos espectadores sob o rótulo dos veículos.",
  "ui.options.multiplayer.showSpectators.tooltip": "Os jogadores que assistirem aos veículos dos outros serão listados sob seus nomes",
  "ui.options.multiplayer.spectatorUnifiedColors": "Mesma cor para os nomes de espectadores",
  "ui.options.multiplayer.spectatorUnifiedColors.tooltip": "Mostrar todos os nomes de espectadores em cinza, independentemente da função do usuário",
  "ui.options.multiplayer.nametagFade": "Aparecer/Desaparecer nome de identificação",
  "ui.options.multiplayer.nametagFadeIn": "Aparecimento gradual",
  "ui.options.multiplayer.nametagFadeOut": "Desaparecimento gradual",
  "ui.options.multiplayer.nametagFadeDistance": "Distância de desaparecimento",
  "ui.options.multiplayer.nametagFadeDistance.tooltip": "A que distância os nomes começarão aparecer/desaparecer",
  "ui.options.multiplayer.nametagInvertFade": "Inverter a direção de desaparecimento do nome",
  "ui.options.multiplayer.nametagDontFullyHide": "Não esconda completamente os nomes",
  "ui.options.multiplayer.nametagCharLimit": "Limite de comprimento de nome",
  "ui.options.multiplayer.nametagCharLimit.tooltip": "Número máximo de caracteres que você deseja ver em um nome",
  "ui.options.multiplayer.shortenNametags": "Encurtar nome e rótulo de função",
  "ui.options.multiplayer.shortenNametags.tooltip": "Cortar nomes e funções de jogadores longos",
  "ui.options.multiplayer.showAdvancedOptions": "Mostrar opções avançadas",
  "ui.options.multiplayer.showAdvancedOptions.tooltip": "Exibir todas as configurações do BeamMP",
  "ui.options.multiplayer.tuneBlobColors": "Sintonizar cores",
  "ui.options.multiplayer.tuneBlobColorsHelp": "Valor de cor HEX (ex: #FF6400)",
  "ui.options.multiplayer.tuneBlobColorsVisible": "Visível",
  "ui.options.multiplayer.tuneColorQueued": "Veículo em fila",
  "ui.options.multiplayer.tuneColorIllegal": "Veículo ilegal",
  "ui.options.multiplayer.tuneColorIllegalHelp": "(mod ausente, não pode ser gerado)",
  "ui.options.multiplayer.tuneColorDeleted": "Veículo deletado",
  "ui.options.multiplayer.unicycleTitle": "Definir monociclo padrão",
  "ui.options.multiplayer.unicycleDefault": "Configuração padrão do Monociclo",
  "ui.options.multiplayer.unicycleAutoSave": "Salve automaticamente seu último monociclo usado",
  "ui.options.multiplayer.unicycleAutoSave.tooltip": "Quando você abandonar o seu monociclo, ele será salvo e reutilizado na próxima vez que você o gerar",
  "ui.options.multiplayer.unicycleOnSwitch": "Predefinição para",
  "ui.options.multiplayer.skipModSecurityWarning": "Ignorar o pop-up de aviso de segurança do mod",
  "ui.options.multiplayer.skipModSecurityWarning.tooltip": "Desabilitar o pop-up de segurança ao entrar em servidores modificados.",
  "ui.options.multiplayer.blobsTitle": "Bolhas",
  "ui.options.multiplayer.nameTagTitle": "Nomes",
  "ui.options.multiplayer.others": "Outros",
  "ui.options.multiplayer.new": "NOVO",
  "ui.options.multiplayer.experimental": "EXPERIMENTAL",
  "ui.multiplayer.multiplayer": "Multijogador",
  "ui.multiplayer.connecting": "Conectando",
  "ui.multiplayer.connectingToServer": "Conectando ao servidor...",
  "ui.multiplayer.loading": "Carregando...",
  "ui.multiplayer.official": "Servidores Oficiais",
  "ui.multiplayer.servers": "Servidores Públicos",
  "ui.multiplayer.favorites": "Favoritos",
  "ui.multiplayer.featured": "Servidores em destaque",
  "ui.multiplayer.partner": "Servidores Parceiros",
  "ui.multiplayer.recent": "Recente",
  "ui.multiplayer.direct_connect": "Conexão direta",
  "ui.multiplayer.refresh": "Atualizar",
  "ui.multiplayer.connect": "Conectar",
  "ui.multiplayer.addCustomServer": "Adicionar Servidor Personalizado",
  "ui.multiplayer.location": "Localização",
  "ui.multiplayer.description": "Título",
  "ui.multiplayer.map": "Mapa",
  "ui.multiplayer.forum": "Fórum",
  "ui.multiplayer.docs": "Wiki",
  "ui.multiplayer.discord": "Discord",
  "ui.multiplayer.patreon": "Patreon",
  "ui.multiplayer.players": "Jogadores",
  "ui.multiplayer.emptyOnly": "Somente vazios",
  "ui.multiplayer.emptyOnlyTooltip": "Mostrar somente servidores vazios",
  "ui.multiplayer.notEmpty": "Não está vazio",
  "ui.multiplayer.notEmptyTooltip": "Exibir apenas servidores não vazios",
  "ui.multiplayer.notFull": "Não está cheio",
  "ui.multiplayer.notFullTooltip": "Exibir apenas servidores não cheios",
  "ui.multiplayer.mapFilterTooltip": "Ativar filtro de mapa",
  "ui.multiplayer.modSlider": "Limitador de tamanho de Mod",
  "ui.multiplayer.modSliderTooltip": "Ativar limitador de tamanho de Mod",
  "ui.multiplayer.clearRecent": "Limpar Recentes",
  "ui.multiplayer.pasteFromClipboard": "Colar da área de transferência",
  "ui.multiplayer.save": "Salvar",
  "ui.multiplayer.logout": "Sair",
  "ui.multiplayer.login": "Entrar",
  "ui.multiplayer.register": "Registrar-se",
  "ui.multiplayer.playAsGuest": "Jogar como Convidado",
  "ui.multiplayer.loginDescription1": "Entrar com sua conta BeamMP.",
  "ui.multiplayer.guestDescription1": "Jogar como convidado pode ter algumas restrições de servidor, para uma experiência completa recomendamos registrar-se.",
  "ui.multiplayer.iHaveAnAccount": "Eu tenho uma conta",
  "ui.multiplayer.play": "Jogar",
  "ui.multiplayerlauncher.lost": "O jogo não está conectado ao inicializador! Por favor, inicie o jogo usando o Inicializador BeamMP.",
  "ui.multiplayerlauncher.connect": "Conectar",
  "ui.multiplayertos.title": "Regras e termos de serviço",
  "ui.multiplayertos.tos": "Termos de serviço",
  "ui.multiplayertos.rules": "Regras",
  "ui.multiplayertos.tos.description1": "Os termos de serviço completos podem ser encontrados ",
  "ui.multiplayertos.tos.description2": "Para jogar BeamMP você terá que ler e aceitar os termos de serviço.",
  "ui.multiplayertos.rules.description1": "Nossas regras podem ser encontradas ",
  "ui.multiplayertos.rules.description2": "Para jogar BeamMP você terá que aceitar todas as regras do jogo.",
  "ui.multiplayertos.info1": "Para mais informações, não deixe de conferir nosso ",
  "ui.multiplayertos.info2": "Você também pode encontrar mais informações em nosso ",
  "ui.common.multiplayer.sync": "Sincronizar",
  "ui.apps.categories.multiplayer": "Multijogador",
  "ui.camera.mode.passenger": "Passageiro",
  "ui.multiplayer.security.no_return": "Cancelar & Voltar",
  "ui.multiplayer.security.accept_proceed": "Baixar & Entrar",
  "ui.multiplayer.security.title": "Mods de servidor detectados",
  "ui.multiplayer.security.prompt": "O servidor no qual você está entrando possui mods, que são baixados e instalados automaticamente. Esses mods podem conter código que será executado no seu PC e podem ser maliciosos. Por favor, certifique-se de confiar no(s) proprietário(s) do servidor antes de continuar. Se você confia que os mods não são maliciosos, continue por sua própria conta e risco. O BeamMP não é responsável por qualquer conteúdo baixado deste servidor. Este aviso pode ser desabilitado nas configurações."
}
